{"f0": [214.31756797215365, 64.07288952046515], "energy": [-1.140259027481079, 9.023592948913574, 34.457782679222085, 30.198276724739692], "spec_min": [-11.461149215698242, -10.36773681640625, -9.70352554321289, -10.023792266845703, -10.221336364746094, -9.88410758972168, -10.528332710266113, -11.132122039794922, -10.49022102355957, -10.645383834838867, -10.244051933288574, -10.436063766479492, -10.255741119384766, -10.277899742126465, -10.228747367858887, -10.12727165222168, -10.302141189575195, -10.236084938049316, -10.76404094696045, -10.447907447814941, -10.462810516357422, -10.494026184082031, -10.846758842468262, -10.450084686279297, -10.625957489013672, -11.012948989868164, -10.738173484802246, -10.601486206054688, -10.73964786529541, -10.805397033691406, -10.741336822509766, -10.744476318359375, -10.982924461364746, -10.679146766662598, -10.964116096496582, -10.913581848144531, -10.860238075256348, -10.995172500610352, -10.821004867553711, -11.023219108581543, -10.957599639892578, -10.94097900390625, -10.825679779052734, -10.85253620147705, -10.627269744873047, -10.948744773864746, -10.79052734375, -10.96324634552002, -11.118041038513184, -11.015605926513672, -11.318016052246094, -11.177769660949707, -10.926312446594238, -11.19013500213623, -11.512925148010254, -11.512925148010254, -11.512925148010254, -11.142021179199219, -11.19406795501709, -11.162416458129883, -11.261945724487305, -11.090593338012695, -11.03597354888916, -11.046128273010254, -11.414643287658691, -11.194321632385254, -11.242656707763672, -11.462278366088867, -11.462566375732422, -11.512925148010254, -11.512925148010254, -11.512925148010254, -11.512925148010254, -11.512925148010254, -11.512925148010254, -11.512925148010254, -11.512925148010254, -11.512925148010254, -11.512925148010254, -11.512925148010254], "spec_max": [-1.39093017578125, -1.7842108011245728, -0.8064090609550476, 0.25496816635131836, 0.7894232869148254, 1.3054362535476685, 1.7104212045669556, 1.7929269075393677, 1.8704816102981567, 1.9143458604812622, 1.8965861797332764, 1.898308277130127, 1.853305697441101, 1.9728492498397827, 2.026379108428955, 1.9355398416519165, 1.9952739477157593, 2.0829594135284424, 2.072155475616455, 1.91864812374115, 1.677613615989685, 1.7287131547927856, 1.6544451713562012, 1.6352609395980835, 1.6436028480529785, 1.6497355699539185, 1.5736411809921265, 1.4211481809616089, 1.3909423351287842, 1.3027230501174927, 1.1757036447525024, 1.2305645942687988, 1.414907693862915, 1.1161766052246094, 0.8301787376403809, 0.9064737558364868, 0.856650710105896, 0.7438074946403503, 0.9387462139129639, 0.7993030548095703, 0.8171306252479553, 0.7597335577011108, 0.5605524778366089, 0.41292262077331543, 0.20970961451530457, 0.5262152552604675, 0.2346973568201065, 0.3039984405040741, 0.12253817915916443, 0.2350955754518509, 0.24162191152572632, 0.18542565405368805, 0.21337692439556122, 0.037028148770332336, 0.1083187386393547, -0.1511203795671463, 0.26234185695648193, -0.03362211585044861, 0.0632982850074768, 0.5620490312576294, 0.3925465941429138, 0.30616483092308044, 0.6006441712379456, 0.48089107871055603, 0.22172309458255768, 0.5744245052337646, 0.5276031494140625, 0.7431398034095764, 0.7252108454704285, 0.8691422343254089, 0.8501139283180237, 0.733945906162262, 0.6921684145927429, 0.67335045337677, 0.7500050067901611, 0.7413901686668396, 0.8423557877540588, 0.7649414539337158, 0.7424454689025879, 0.7188084125518799], "max_seq_len": 869}