{"f0": [214.17444015687366, 63.3722777153348], "energy": [-1.1719566583633423, 9.01146411895752, 35.346983139766266, 30.1402437749185], "spec_min": [-11.461149215698242, -10.367757797241211, -9.703346252441406, -10.023792266845703, -10.221336364746094, -9.88410758972168, -10.528332710266113, -11.132122993469238, -10.49022102355957, -10.645383834838867, -10.244050979614258, -10.436063766479492, -10.255741119384766, -10.277899742126465, -10.228747367858887, -10.12727165222168, -10.302141189575195, -10.236084938049316, -10.764041900634766, -10.447907447814941, -10.462810516357422, -10.494026184082031, -10.846758842468262, -10.450084686279297, -10.625957489013672, -11.01294994354248, -10.738173484802246, -10.601486206054688, -10.546464920043945, -10.805397033691406, -10.741337776184082, -10.744476318359375, -10.982924461364746, -10.679146766662598, -10.801209449768066, -10.91357421875, -10.833483695983887, -10.995172500610352, -10.821004867553711, -11.013455390930176, -10.957599639892578, -10.94097900390625, -10.82567310333252, -10.85253620147705, -10.627269744873047, -10.948744773864746, -10.790525436401367, -10.963242530822754, -11.118041038513184, -11.015547752380371, -11.31803035736084, -11.155950546264648, -10.926154136657715, -11.19013500213623, -11.512925148010254, -11.512925148010254, -11.512925148010254, -11.14205265045166, -11.194007873535156, -11.162622451782227, -11.261750221252441, -11.090636253356934, -11.036137580871582, -11.046228408813477, -11.414697647094727, -11.194477081298828, -11.242481231689453, -11.462568283081055, -11.462669372558594, -11.512925148010254, -11.512925148010254, -11.512925148010254, -11.512925148010254, -11.512925148010254, -11.512925148010254, -11.512925148010254, -11.512925148010254, -11.512925148010254, -11.512925148010254, -11.512925148010254], "spec_max": [-1.390930414199829, -1.7842106819152832, -0.8064090609550476, 0.25496816635131836, 0.7894233465194702, 1.3054362535476685, 1.7104212045669556, 1.7929269075393677, 1.8704816102981567, 1.9143458604812622, 1.8965861797332764, 1.898308277130127, 1.853305697441101, 1.9728492498397827, 2.026379108428955, 1.9355398416519165, 1.9952739477157593, 2.0829594135284424, 2.072155475616455, 1.9186480045318604, 1.677613615989685, 1.7287131547927856, 1.6544451713562012, 1.635261058807373, 1.643602728843689, 1.6497355699539185, 1.573641300201416, 1.4211483001708984, 1.3909423351287842, 1.3027229309082031, 1.1757036447525024, 1.2305645942687988, 1.414907693862915, 1.1161766052246094, 0.8301786184310913, 0.9064737558364868, 0.856650710105896, 0.7438074946403503, 0.9387462139129639, 0.7993030548095703, 0.8171306252479553, 0.7597334384918213, 0.5605524182319641, 0.4129227101802826, 0.20970971882343292, 0.5262152552604675, 0.2346973568201065, 0.3039984405040741, 0.12253817915916443, 0.2350955754518509, 0.24162191152572632, 0.18542565405368805, 0.21337692439556122, 0.037028148770332336, 0.1083187386393547, -0.1511203795671463, 0.26234185695648193, -0.03362211585044861, 0.0632982850074768, 0.5620489716529846, 0.3925465941429138, 0.30616483092308044, 0.6006441116333008, 0.48089107871055603, 0.22172318398952484, 0.5744244456291199, 0.5276030898094177, 0.7431398034095764, 0.7252108454704285, 0.8691422343254089, 0.8501139283180237, 0.733945906162262, 0.6921683549880981, 0.67335045337677, 0.7500048875808716, 0.7413901686668396, 0.8423557877540588, 0.7649414539337158, 0.7424454689025879, 0.7188084125518799], "max_seq_len": 860}