{"f0": [173.86778735065275, 73.9119060994545], "energy": [-1.1577858924865723, 11.99686050415039, 44.16279452885992, 37.97227574154809], "spec_min": [-6.6042609214782715, -6.924768924713135, -8.112019538879395, -8.576848030090332, -9.618271827697754, -9.805935859680176, -10.310171127319336, -10.21329116821289, -10.46474838256836, -10.58436393737793, -10.57902717590332, -11.512925148010254, -11.131159782409668, -11.057324409484863, -10.822223663330078, -11.137557983398438, -11.345865249633789, -11.419160842895508, -11.432229995727539, -11.209015846252441, -11.288925170898438, -11.03352165222168, -11.408068656921387, -11.258020401000977, -11.512925148010254, -11.512925148010254, -11.512925148010254, -11.492801666259766, -11.512925148010254, -11.512925148010254, -11.512925148010254, -11.512925148010254, -11.511229515075684, -11.512925148010254, -11.512925148010254, -11.512925148010254, -11.512925148010254, -11.512925148010254, -11.512925148010254, -11.512925148010254, -11.512925148010254, -11.512925148010254, -11.512925148010254, -11.512925148010254, -11.512925148010254, -11.512925148010254, -11.512925148010254, -11.512925148010254, -11.512925148010254, -11.512925148010254, -11.512925148010254, -11.512925148010254, -11.512925148010254, -11.512925148010254, -11.512925148010254, -11.512925148010254, -11.512925148010254, -11.49106216430664, -11.512925148010254, -11.512925148010254, -11.512925148010254, -11.505541801452637, -11.512925148010254, -11.512925148010254, -11.512925148010254, -11.512925148010254, -11.512925148010254, -11.512925148010254, -11.512925148010254, -11.512925148010254, -11.48159122467041, -11.470244407653809, -11.429944038391113, -11.512925148010254, -11.434205055236816, -11.508268356323242, -11.458932876586914, -11.423524856567383, -11.512925148010254, -11.39385986328125], "spec_max": [2.159653663635254, 1.1351807117462158, 1.5451390743255615, 1.9852885007858276, 1.8172106742858887, 1.9993648529052734, 2.0290229320526123, 2.115584135055542, 1.9567358493804932, 1.8429648876190186, 2.000295877456665, 1.8444796800613403, 1.9595229625701904, 1.9815962314605713, 2.0592074394226074, 1.8292608261108398, 1.9132425785064697, 2.0398614406585693, 1.8467049598693848, 1.640920877456665, 1.6137083768844604, 1.6333965063095093, 1.7141172885894775, 1.7963566780090332, 1.7176100015640259, 1.5751205682754517, 1.74003267288208, 1.858948826789856, 2.1032583713531494, 1.7913991212844849, 1.5895050764083862, 1.6789798736572266, 1.702483892440796, 1.4637058973312378, 1.2285343408584595, 1.255725383758545, 1.1881059408187866, 1.1848396062850952, 1.2649824619293213, 1.0511455535888672, 1.073013186454773, 0.9299598336219788, 0.9107602834701538, 0.8813368082046509, 1.0806447267532349, 0.9113841652870178, 0.5992203950881958, 0.5174485445022583, 0.4410307705402374, 0.6138060092926025, 0.8321774005889893, 0.8904327750205994, 1.0071007013320923, 0.5601969361305237, 0.5483734011650085, 0.8856379985809326, 0.7209749817848206, 1.006256341934204, 0.9296363592147827, 1.0298020839691162, 0.7336428165435791, 0.877206027507782, 0.8537847399711609, 0.8242681622505188, 0.6414428353309631, 0.7442318797111511, 0.5898535251617432, 0.6941667199134827, 0.6437529921531677, 0.34421080350875854, 0.5295852422714233, -0.09442292153835297, 0.06610655039548874, 0.042320236563682556, -0.3436654210090637, 0.10496953129768372, 0.37811699509620667, 0.053317755460739136, -0.07283253222703934, 0.1399908810853958], "max_seq_len": 1298}