{"f0": [173.80029633564538, 74.09595107169292], "energy": [-1.1529262065887451, 11.309513092041016, -4.586897883362702e-08, 0.999999975495485], "spec_min": [-6.719419479370117, -6.976226806640625, -8.533071517944336, -8.711502075195312, -9.853642463684082, -10.089153289794922, -10.229475021362305, -10.539127349853516, -10.328948974609375, -10.481851577758789, -10.507092475891113, -11.512925148010254, -10.92013931274414, -11.123496055603027, -11.299315452575684, -11.133672714233398, -11.057167053222656, -11.512925148010254, -11.11195182800293, -11.468822479248047, -10.966353416442871, -11.458822250366211, -11.301447868347168, -11.512925148010254, -11.512925148010254, -11.512925148010254, -11.512925148010254, -11.512925148010254, -11.512925148010254, -11.512925148010254, -11.512925148010254, -11.512925148010254, -11.458381652832031, -11.512925148010254, -11.512925148010254, -11.512925148010254, -11.512925148010254, -11.512925148010254, -11.512925148010254, -11.512925148010254, -11.512925148010254, -11.512925148010254, -11.512925148010254, -11.512925148010254, -11.512925148010254, -11.512925148010254, -11.512925148010254, -11.512925148010254, -11.512925148010254, -11.512925148010254, -11.512925148010254, -11.512925148010254, -11.512925148010254, -11.512925148010254, -11.486610412597656, -11.512925148010254, -11.512925148010254, -11.488997459411621, -11.471065521240234, -11.48547077178955, -11.512925148010254, -11.446113586425781, -11.512925148010254, -11.512925148010254, -11.431005477905273, -11.376490592956543, -11.503819465637207, -11.512925148010254, -11.389199256896973, -11.512925148010254, -11.456664085388184, -11.426265716552734, -11.362414360046387, -11.4625883102417, -11.429675102233887, -11.345199584960938, -11.292289733886719, -11.331605911254883, -11.470291137695312, -11.213327407836914], "spec_max": [2.248415946960449, 1.2055037021636963, 1.5994036197662354, 2.0472519397735596, 1.8647360801696777, 2.0477991104125977, 2.07555890083313, 2.1483261585235596, 2.002617597579956, 1.8797661066055298, 2.0401782989501953, 1.8983721733093262, 1.996964931488037, 2.0172674655914307, 2.075334072113037, 1.894484281539917, 1.9893832206726074, 2.0738155841827393, 1.9018011093139648, 1.676927924156189, 1.7013137340545654, 1.7119824886322021, 1.7243753671646118, 1.8196157217025757, 1.749389886856079, 1.6237246990203857, 1.7955219745635986, 1.878282904624939, 2.1400725841522217, 1.8587250709533691, 1.6559789180755615, 1.7160780429840088, 1.6609787940979004, 1.4950125217437744, 1.2981783151626587, 1.2882139682769775, 1.2868082523345947, 1.1857631206512451, 1.3065382242202759, 1.1138885021209717, 1.1169276237487793, 1.0249710083007812, 1.0591237545013428, 0.9349303245544434, 1.0581086874008179, 0.9304275512695312, 0.6760103702545166, 0.5595843195915222, 0.5536671876907349, 0.572604775428772, 0.9309839606285095, 0.9272440671920776, 0.9882552623748779, 0.6250937581062317, 0.5611331462860107, 0.8329461812973022, 0.7131380438804626, 0.9924151301383972, 0.931612491607666, 1.092097282409668, 0.8743871450424194, 0.7781764268875122, 0.8955878019332886, 0.8330883383750916, 0.7312048673629761, 0.792803943157196, 0.6675218343734741, 0.798851728439331, 0.6834356188774109, 0.42883071303367615, 0.6589710712432861, -0.04839001223444939, 0.0957777202129364, 0.032365623861551285, -0.22497589886188507, 0.11709244549274445, 0.44349780678749084, 0.023931337520480156, -0.14998376369476318, 0.08167527616024017], "max_seq_len": 1299}